{
    "loss": 11.54248046875,
    "accuracy": 0.03999999910593033
}