{
    "loss": 13.029507637023926,
    "accuracy": 0.03999999910593033
}